{
    "display": {
      "icon": {
        "item": "minecraft:enchanted_book"
      },
      "title": "エリートMob討伐図鑑",
      "description": "倒したことのあるエリート Mobがここに並んでいくぞ！ 目指せ38体コンプリート！",
      "show_toast": false,
      "announce_to_chat": false,
      "hidden": true
    },
    "parent": "kinokoo_elite_mobs:root",
    "criteria": {
      "requirement": {
        "trigger": "minecraft:player_killed_entity",
        "conditions": {
          "entity": [
            {
              "condition": "minecraft:entity_properties",
              "entity": "this",
              "predicate": {
                "nbt": "{Tags:[\"kinokoo_elite_mobs_elite\"]}",
                "type": "#kinokoo_elite_mobs:mob/all_enemy"
              }
            }
          ]
        }
      }
    }
  }
  