{
  "display": {
    "icon": {
      "item": "minecraft:book"
    },
    "title": "Mob討伐図鑑",
    "description": "倒したことのある敵Mobがここに並んでいくぞ！ 目指せ35体コンプリート！",
    "show_toast": false,
    "announce_to_chat": false,
    "hidden": true
  },
  "parent": "kinokoo_elite_mobs:root",
  "criteria": {
    "requirement": {
      "trigger": "minecraft:player_killed_entity",
      "conditions": {
        "entity": [
          {
            "condition": "minecraft:entity_scores",
            "entity": "this",
            "scores": {
              "kinokoo_elite_mobs_nbt_check": 1
            }
          },
          {
            "condition": "minecraft:entity_properties",
            "entity": "this",
            "predicate": {
              "type": "#kinokoo_elite_mobs:mob/all_enemy"
            }
          }
        ]
      }
    }
  }
}
