{
  "display": {
    "icon": {
      "item": "minecraft:writable_book"
    },
    "title": "エリートモンスターハンター",
    "description": "エリートMobを倒すとエリートポーションを入手することができる"
  },
  "parent": "kinokoo_elite_mobs:root",
  "criteria": {
    "requirement": {
      "trigger": "minecraft:player_killed_entity",
      "conditions": {
        "entity": [
          {
            "condition": "minecraft:entity_properties",
            "entity": "this",
            "predicate": {
              "type": "#kinokoo_elite_mobs:mob/all_enemy",
              "nbt": "{Tags:[\"kinokoo_elite_mobs_elite\"]}"
            }
          }
        ]
      }
    }
  }
}
