{
    "display": {
      "icon": {
        "item": "minecraft:lingering_potion",
        "nbt": "{CustomPotionColor:0}"
      },
      "title": "最高にエリート",
      "description": "最高レベルのエリートポーションを入手する"
    },
    "parent": "kinokoo_elite_mobs:vanila_plus/elite_potion",
    "criteria": {
      "requirement": {
        "trigger": "minecraft:inventory_changed",
        "conditions": {
          "items": [
            {
              "nbt": "{kinokoo_elite_mobs_elite_potion:1,kinokoo_elite_mobs_potion_level:5}"
            }
          ]
        }
      }
    }
  }
  