{
    "display": {
      "icon": {
        "item": "minecraft:netherite_sword"
      },
      "title": "強力な存在",
      "description": "エリートレベル4のエリートを倒す",
      "frame": "goal"
    },
    "parent": "kinokoo_elite_mobs:vanila_plus/elite_potion",
    "criteria": {
      "requirement": {
        "trigger": "minecraft:player_killed_entity",
        "conditions": {
          "entity": [
            {
              "condition": "minecraft:entity_properties",
              "entity": "this",
              "predicate": {
                "type": "#kinokoo_elite_mobs:elite_level/4",
                "nbt": "{Tags:[\"kinokoo_elite_mobs_elite\"]}"
              }
            }
          ]
        }
      }
    }
  }
  