{
    "display": {
      "icon": {
        "item": "minecraft:slime_ball"
      },
      "title": " スライム <★☆☆☆☆>",
      "description": "素早く突進してくるのに加え、一番小さいサイズのスライムでもプレイヤーに攻撃してくる。",
      "hidden": true
    },
    "parent": "kinokoo_elite_mobs:normal_enemy/9_creeper",
    "criteria": {
      "requirement": {
        "trigger": "minecraft:player_killed_entity",
        "conditions": {
          "entity": [
            {
              "condition": "minecraft:entity_scores",
              "entity": "this",
              "scores": {
                "kinokoo_elite_mobs_nbt_check": 1
              }
            },
            {
              "condition": "minecraft:entity_properties",
              "entity": "this",
              "predicate": {
                "type": "minecraft:slime"
              }
            }
          ]
        }
      }
    }
  }
  