{
    "display": {
      "icon": {
        "item": "minecraft:phantom_membrane"
      },
      "title": " ファントム <★☆☆☆☆>",
      "description": "攻撃力が高くなったのに加え、ブロックを破壊する魔法で空中からも攻撃してくる。",
      "hidden": true
    },
    "parent": "kinokoo_elite_mobs:normal_enemy/10_slime",
    "criteria": {
      "requirement": {
        "trigger": "minecraft:player_killed_entity",
        "conditions": {
          "entity": [
            {
              "condition": "minecraft:entity_scores",
              "entity": "this",
              "scores": {
                "kinokoo_elite_mobs_nbt_check": 1
              }
            },
            {
              "condition": "minecraft:entity_properties",
              "entity": "this",
              "predicate": {
                "type": "minecraft:phantom"
              }
            }
          ]
        }
      }
    }
  }
  