{
    "display": {
      "icon": {
        "item": "minecraft:stone_bricks"
      },
      "title": " シルバーフィッシュ <★★☆☆☆>",
      "description": "体力や攻撃力が高くなった。時折ブロックに潜って移動し、距離を詰めたり後ろに回り込む。",
      "hidden": true
    },
    "parent": "kinokoo_elite_mobs:normal_enemy/11_phantom",
    "criteria": {
      "requirement": {
        "trigger": "minecraft:player_killed_entity",
        "conditions": {
          "entity": [
            {
              "condition": "minecraft:entity_scores",
              "entity": "this",
              "scores": {
                "kinokoo_elite_mobs_nbt_check": 1
              }
            },
            {
              "condition": "minecraft:entity_properties",
              "entity": "this",
              "predicate": {
                "type": "minecraft:silverfish"
              }
            }
          ]
        }
      }
    }
  }
  