{
    "display": {
      "icon": {
        "item": "minecraft:prismarine_shard"
      },
      "title": " ガーディアン <★☆☆☆☆>",
      "description": "時折自身の棘を飛ばして範囲攻撃を行う。",
      "hidden": true
    },
    "parent": "kinokoo_elite_mobs:normal_enemy/12_silverfish",
    "criteria": {
      "requirement": {
        "trigger": "minecraft:player_killed_entity",
        "conditions": {
          "entity": [
            {
              "condition": "minecraft:entity_scores",
              "entity": "this",
              "scores": {
                "kinokoo_elite_mobs_nbt_check": 1
              }
            },
            {
              "condition": "minecraft:entity_properties",
              "entity": "this",
              "predicate": {
                "type": "minecraft:guardian"
              }
            }
          ]
        }
      }
    }
  }
  