{
    "display": {
      "icon": {
        "item": "minecraft:wet_sponge"
      },
      "title": " エルダーガーディアン <★★★★☆>",
      "description": "採掘速度低下だけでなく弱体化の呪いもかけてくるようになった。また、時折自身の棘を飛ばして範囲攻撃も行う。",
      "frame": "goal",
      "hidden": true
    },
    "parent": "kinokoo_elite_mobs:normal_enemy/13_guardian",
    "criteria": {
      "requirement": {
        "trigger": "minecraft:player_killed_entity",
        "conditions": {
          "entity": [
            {
              "condition": "minecraft:entity_scores",
              "entity": "this",
              "scores": {
                "kinokoo_elite_mobs_nbt_check": 1
              }
            },
            {
              "condition": "minecraft:entity_properties",
              "entity": "this",
              "predicate": {
                "type": "minecraft:elder_guardian"
              }
            }
          ]
        }
      }
    }
  }
  