{
    "display": {
      "icon": {
        "item": "minecraft:sculk_catalyst"
      },
      "title": " ウォーデン <★★★★☆>",
      "description": "素早くなったのに加え、遠距離攻撃を跳ね返すことがある。",
      "frame": "goal",
      "hidden": true
    },
    "parent": "kinokoo_elite_mobs:normal_enemy/14_elder_guardian",
    "criteria": {
      "requirement": {
        "trigger": "minecraft:player_killed_entity",
        "conditions": {
          "entity": [
            {
              "condition": "minecraft:entity_scores",
              "entity": "this",
              "scores": {
                "kinokoo_elite_mobs_nbt_check": 1
              }
            },
            {
              "condition": "minecraft:entity_properties",
              "entity": "this",
              "predicate": {
                "type": "minecraft:warden"
              }
            }
          ]
        }
      }
    }
  }
  