{
    "display": {
      "icon": {
        "item": "minecraft:gold_nugget"
      },
      "title": " ゾンビピグリン <★☆☆☆☆>",
      "description": "素早くなったのに加え、ある程度プレイヤーに近づくと敵対することがある。",
      "hidden": true
    },
    "parent": "kinokoo_elite_mobs:normal_enemy_root",
    "criteria": {
      "requirement": {
        "trigger": "minecraft:player_killed_entity",
        "conditions": {
          "entity": [
            {
              "condition": "minecraft:entity_scores",
              "entity": "this",
              "scores": {
                "kinokoo_elite_mobs_nbt_check": 1
              }
            },
            {
              "condition": "minecraft:entity_properties",
              "entity": "this",
              "predicate": {
                "type": "minecraft:zombified_piglin"
              }
            }
          ]
        }
      }
    }
  }
  