{
    "display": {
      "icon": {
        "item": "minecraft:gold_ingot"
      },
      "title": " ピグリン <★★★☆☆>",
      "description": "素早くなったのに加え、クロスボウを持っているピグリンは斧も使用してくる。",
      "hidden": true
    },
    "parent": "kinokoo_elite_mobs:normal_enemy/16_zombified_piglin",
    "criteria": {
      "requirement": {
        "trigger": "minecraft:player_killed_entity",
        "conditions": {
          "entity": [
            {
              "condition": "minecraft:entity_scores",
              "entity": "this",
              "scores": {
                "kinokoo_elite_mobs_nbt_check": 1
              }
            },
            {
              "condition": "minecraft:entity_properties",
              "entity": "this",
              "predicate": {
                "type": "minecraft:piglin",
                "flags": {
                  "is_baby": false
                }
              }
            }
          ]
        }
      }
    }
  }
  