{
    "display": {
      "icon": {
        "item": "minecraft:gold_block"
      },
      "title": " ピグリンブルート <★★★★☆>",
      "description": "衝撃波やダッシュ、ファイアボール、ピグリン呼び寄せといったいくつかの行動パターンを持っている。",
      "frame": "goal",
      "hidden": true
    },
    "parent": "kinokoo_elite_mobs:normal_enemy/17_piglin",
    "criteria": {
      "requirement": {
        "trigger": "minecraft:player_killed_entity",
        "conditions": {
          "entity": [
            {
              "condition": "minecraft:entity_scores",
              "entity": "this",
              "scores": {
                "kinokoo_elite_mobs_nbt_check": 1
              }
            },
            {
              "condition": "minecraft:entity_properties",
              "entity": "this",
              "predicate": {
                "type": "minecraft:piglin_brute"
              }
            }
          ]
        }
      }
    }
  }
  