{
    "display": {
      "icon": {
        "item": "minecraft:cooked_porkchop"
      },
      "title": " ホグリン <★★☆☆☆>",
      "description": "体力が高く、時折衝撃波で範囲攻撃を行う。",
      "hidden": true
    },
    "parent": "kinokoo_elite_mobs:normal_enemy/18_piglin_brute",
    "criteria": {
      "requirement": {
        "trigger": "minecraft:player_killed_entity",
        "conditions": {
          "entity": [
            {
              "condition": "minecraft:entity_scores",
              "entity": "this",
              "scores": {
                "kinokoo_elite_mobs_nbt_check": 1
              }
            },
            {
              "condition": "minecraft:entity_properties",
              "entity": "this",
              "predicate": {
                "type": "minecraft:hoglin"
              }
            }
          ]
        }
      }
    }
  }
  