{
    "display": {
      "icon": {
        "item": "minecraft:porkchop"
      },
      "title": " ゾグリン <★★★☆☆>",
      "description": "体力が高く、素早くなった。",
      "hidden": true
    },
    "parent": "kinokoo_elite_mobs:normal_enemy/19_hoglin",
    "criteria": {
      "requirement": {
        "trigger": "minecraft:player_killed_entity",
        "conditions": {
          "entity": [
            {
              "condition": "minecraft:entity_scores",
              "entity": "this",
              "scores": {
                "kinokoo_elite_mobs_nbt_check": 1
              }
            },
            {
              "condition": "minecraft:entity_properties",
              "entity": "this",
              "predicate": {
                "type": "minecraft:zoglin"
              }
            }
          ]
        }
      }
    }
  }
  