{
    "display": {
      "icon": {
        "item": "minecraft:ghast_tear"
      },
      "title": " ガスト <★★★☆☆>",
      "description": "体力が高くなったのに加え、爆発の威力も高い。左右への移動が増えた。",
      "hidden": true
    },
    "parent": "kinokoo_elite_mobs:normal_enemy/20_zoglin",
    "criteria": {
      "requirement": {
        "trigger": "minecraft:player_killed_entity",
        "conditions": {
          "entity": [
            {
              "condition": "minecraft:entity_scores",
              "entity": "this",
              "scores": {
                "kinokoo_elite_mobs_nbt_check": 1
              }
            },
            {
              "condition": "minecraft:entity_properties",
              "entity": "this",
              "predicate": {
                "type": "minecraft:ghast"
              }
            }
          ]
        }
      }
    }
  }
  