{
    "display": {
      "icon": {
        "item": "minecraft:magma_cream"
      },
      "title": " マグマキューブ <★★☆☆☆>",
      "description": "素早く突進してくるのに加え、跳ねる度に少しだけ体力が回復する。",
      "hidden": true
    },
    "parent": "kinokoo_elite_mobs:normal_enemy/21_ghast",
    "criteria": {
      "requirement": {
        "trigger": "minecraft:player_killed_entity",
        "conditions": {
          "entity": [
            {
              "condition": "minecraft:entity_scores",
              "entity": "this",
              "scores": {
                "kinokoo_elite_mobs_nbt_check": 1
              }
            },
            {
              "condition": "minecraft:entity_properties",
              "entity": "this",
              "predicate": {
                "type": "minecraft:magma_cube"
              }
            }
          ]
        }
      }
    }
  }
  