{
    "display": {
      "icon": {
        "item": "minecraft:blaze_powder"
      },
      "title": " ブレイズ <★★★☆☆>",
      "description": "体力が高くなったのに加え、時折炎をばらまいて辺りを燃やす。",
      "hidden": true
    },
    "parent": "kinokoo_elite_mobs:normal_enemy/22_magma_cube",
    "criteria": {
      "requirement": {
        "trigger": "minecraft:player_killed_entity",
        "conditions": {
          "entity": [
            {
              "condition": "minecraft:entity_scores",
              "entity": "this",
              "scores": {
                "kinokoo_elite_mobs_nbt_check": 1
              }
            },
            {
              "condition": "minecraft:entity_properties",
              "entity": "this",
              "predicate": {
                "type": "minecraft:blaze"
              }
            }
          ]
        }
      }
    }
  }
  