{
    "display": {
      "icon": {
        "item": "minecraft:soul_sand"
      },
      "title": " ウィザー <★★★★★>）",
      "description": "付近を燃やす、盲目を付与する、ウィザースケルトンを召喚する、といったいくつかの行動パターンを持っている。",
      "frame": "challenge",
      "hidden": true
    },
    "parent": "kinokoo_elite_mobs:normal_enemy/24_wither_skeleton",
    "criteria": {
      "requirement": {
        "trigger": "minecraft:player_killed_entity",
        "conditions": {
          "entity": [
            {
              "condition": "minecraft:entity_scores",
              "entity": "this",
              "scores": {
                "kinokoo_elite_mobs_nbt_check": 1
              }
            },
            {
              "condition": "minecraft:entity_properties",
              "entity": "this",
              "predicate": {
                "type": "minecraft:wither"
              }
            }
          ]
        }
      }
    }
  }
  