{
    "display": {
      "icon": {
        "item": "minecraft:ender_pearl"
      },
      "title": " エンダーマン <★★☆☆☆>",
      "description": "攻撃力が高く、時折エンダートラップを設置する。ある程度プレイヤーに近づいても敵対する。",
      "hidden": true
    },
    "parent": "kinokoo_elite_mobs:normal_enemy_root",
    "criteria": {
      "requirement": {
        "trigger": "minecraft:player_killed_entity",
        "conditions": {
          "entity": [
            {
              "condition": "minecraft:entity_scores",
              "entity": "this",
              "scores": {
                "kinokoo_elite_mobs_nbt_check": 1
              }
            },
            {
              "condition": "minecraft:entity_properties",
              "entity": "this",
              "predicate": {
                "type": "minecraft:enderman"
              }
            }
          ]
        }
      }
    }
  }
  