{
    "display": {
      "icon": {
        "item": "minecraft:shulker_shell"
      },
      "title": " シュルカー <★★☆☆☆>",
      "description": "体力が高くなったのに加え、殻が閉じている間ダメージを受けなくなり少し回復する。",
      "hidden": true
    },
    "parent": "kinokoo_elite_mobs:normal_enemy/27_endermite",
    "criteria": {
      "requirement": {
        "trigger": "minecraft:player_killed_entity",
        "conditions": {
          "entity": [
            {
              "condition": "minecraft:entity_scores",
              "entity": "this",
              "scores": {
                "kinokoo_elite_mobs_nbt_check": 1
              }
            },
            {
              "condition": "minecraft:entity_properties",
              "entity": "this",
              "predicate": {
                "type": "minecraft:shulker"
              }
            }
          ]
        }
      }
    }
  }
  