{
    "display": {
      "icon": {
        "item": "minecraft:end_crystal"
      },
      "title": " エンダードラゴン <★★★★★>",
      "description": "基本的には飛び回りながら魔法で攻撃してくるが、時折ファイアボールを発射してくる。トラップの設置や、エンドクリスタルの支配も行う。扱いはラスボスだが、目指すはエリートエンダードラゴンだ。様々なエリートを倒してエリートポーションを集める必要がある。",
      "frame": "challenge",
      "hidden": true
    },
    "parent": "kinokoo_elite_mobs:normal_enemy/28_shulker",
    "criteria": {
      "requirement": {
        "trigger": "minecraft:player_killed_entity",
        "conditions": {
          "entity": [
            {
              "condition": "minecraft:entity_scores",
              "entity": "this",
              "scores": {
                "kinokoo_elite_mobs_nbt_check": 1
              }
            },
            {
              "condition": "minecraft:entity_properties",
              "entity": "this",
              "predicate": {
                "type": "minecraft:ender_dragon"
              }
            }
          ]
        }
      }
    }
  }
  