{
    "display": {
      "icon": {
        "item": "minecraft:crossbow"
      },
      "title": " ピリジャー <★★☆☆☆>",
      "description": "体力が高くなったのに加え、矢を放つ際に左右にステップする。矢だけでなく花火を放つこともある。",
      "hidden": true
    },
    "parent": "kinokoo_elite_mobs:normal_enemy/30_vindicator",
    "criteria": {
      "requirement": {
        "trigger": "minecraft:player_killed_entity",
        "conditions": {
          "entity": [
            {
              "condition": "minecraft:entity_scores",
              "entity": "this",
              "scores": {
                "kinokoo_elite_mobs_nbt_check": 1
              }
            },
            {
              "condition": "minecraft:entity_properties",
              "entity": "this",
              "predicate": {
                "type": "minecraft:pillager"
              }
            }
          ]
        }
      }
    }
  }
  