{
    "display": {
      "icon": {
        "item": "minecraft:totem_of_undying"
      },
      "title": " エヴォーカー <★★★★☆>",
      "description": "体力がかなり高くなったのに加え、時折プレイヤーの足元に牙を召喚する。体力が減少すると退避してから回復の魔法を唱える。また、付近のアイアンゴーレムに呪いをかけたり矢を回避したりといった行動パターンを持っている。",
      "frame": "goal",
      "hidden": true
    },
    "parent": "kinokoo_elite_mobs:normal_enemy/31_pillager",
    "criteria": {
      "requirement": {
        "trigger": "minecraft:player_killed_entity",
        "conditions": {
          "entity": [
            {
              "condition": "minecraft:entity_scores",
              "entity": "this",
              "scores": {
                "kinokoo_elite_mobs_nbt_check": 1
              }
            },
            {
              "condition": "minecraft:entity_properties",
              "entity": "this",
              "predicate": {
                "type": "minecraft:evoker"
              }
            }
          ]
        }
      }
    }
  }
  