{
    "display": {
      "icon": {
        "item": "minecraft:iron_sword"
      },
      "title": " ヴェックス <★★☆☆☆>",
      "description": "体力が高くなったのに加え、時折移動速度が低下する魔法を撃ってくる。",
      "hidden": true
    },
    "parent": "kinokoo_elite_mobs:normal_enemy/32_evoker",
    "criteria": {
      "requirement": {
        "trigger": "minecraft:player_killed_entity",
        "conditions": {
          "entity": [
            {
              "condition": "minecraft:entity_scores",
              "entity": "this",
              "scores": {
                "kinokoo_elite_mobs_nbt_check": 1
              }
            },
            {
              "condition": "minecraft:entity_properties",
              "entity": "this",
              "predicate": {
                "type": "minecraft:vex"
              }
            }
          ]
        }
      }
    }
  }
  