{
    "display": {
      "icon": {
        "item": "minecraft:saddle"
      },
      "title": " ラヴェジャー <★★★★☆>",
      "description": "攻撃を盾で防ごうとすると盾を使用できなくするのに加え、ノックバックが大きくなっている。衝撃波で範囲攻撃を行ったり、走って一気に距離を詰めたりすることがある。",
      "frame": "goal",
      "hidden": true
    },
    "parent": "kinokoo_elite_mobs:normal_enemy/33_vex",
    "criteria": {
      "requirement": {
        "trigger": "minecraft:player_killed_entity",
        "conditions": {
          "entity": [
            {
              "condition": "minecraft:entity_scores",
              "entity": "this",
              "scores": {
                "kinokoo_elite_mobs_nbt_check": 1
              }
            },
            {
              "condition": "minecraft:entity_properties",
              "entity": "this",
              "predicate": {
                "type": "minecraft:ravager"
              }
            }
          ]
        }
      }
    }
  }
  