{
    "display": {
      "icon": {
        "item": "minecraft:potion"
      },
      "title": " ウィッチ <★★★☆☆>",
      "description": "体力が高くなったのに加え、透明化して移動することがある。",
      "hidden": true
    },
    "parent": "kinokoo_elite_mobs:normal_enemy/34_ravager",
    "criteria": {
      "requirement": {
        "trigger": "minecraft:player_killed_entity",
        "conditions": {
          "entity": [
            {
              "condition": "minecraft:entity_scores",
              "entity": "this",
              "scores": {
                "kinokoo_elite_mobs_nbt_check": 1
              }
            },
            {
              "condition": "minecraft:entity_properties",
              "entity": "this",
              "predicate": {
                "type": "minecraft:witch"
              }
            }
          ]
        }
      }
    }
  }
  