{
    "display": {
      "icon": {
        "item": "minecraft:arrow"
      },
      "title": " ストレイ <★★☆☆☆>",
      "description": "素早くなったのに加え、プレイヤーが近づくとバックステップで距離を取ろうとする。日光から身を守るために帽子も被っている。",
      "hidden": true
    },
    "parent": "kinokoo_elite_mobs:normal_enemy/5_skeleton",
    "criteria": {
      "requirement": {
        "trigger": "minecraft:player_killed_entity",
        "conditions": {
          "entity": [
            {
              "condition": "minecraft:entity_scores",
              "entity": "this",
              "scores": {
                "kinokoo_elite_mobs_nbt_check": 1
              }
            },
            {
              "condition": "minecraft:entity_properties",
              "entity": "this",
              "predicate": {
                "type": "minecraft:stray"
              }
            }
          ]
        }
      }
    }
  }
  