{
    "display": {
      "icon": {
        "item": "minecraft:string"
      },
      "title": " クモ <★☆☆☆☆>",
      "description": "素早くなったのに加え、プレイヤーに近づくとクモの巣を設置する。",
      "hidden": true
    },
    "parent": "kinokoo_elite_mobs:normal_enemy/6_stray",
    "criteria": {
      "requirement": {
        "trigger": "minecraft:player_killed_entity",
        "conditions": {
          "entity": [
            {
              "condition": "minecraft:entity_scores",
              "entity": "this",
              "scores": {
                "kinokoo_elite_mobs_nbt_check": 1
              }
            },
            {
              "condition": "minecraft:entity_properties",
              "entity": "this",
              "predicate": {
                "type": "minecraft:spider"
              }
            }
          ]
        }
      }
    }
  }
  