{
    "display": {
      "icon": {
        "item": "minecraft:gunpowder"
      },
      "title": " クリーパー <★★★☆☆>",
      "description": "爆発の威力が高い。さらに、爆発時に近くのモンスターに危険を知らせる。",
      "hidden": true
    },
    "parent": "kinokoo_elite_mobs:normal_enemy/8_cave_spider",
    "criteria": {
      "requirement": {
        "trigger": "minecraft:player_killed_entity",
        "conditions": {
          "entity": [
            {
              "condition": "minecraft:entity_scores",
              "entity": "this",
              "scores": {
                "kinokoo_elite_mobs_nbt_check": 1
              }
            },
            {
              "condition": "minecraft:entity_properties",
              "entity": "this",
              "predicate": {
                "type": "minecraft:creeper"
              }
            }
          ]
        }
      }
    }
  }
  