{
    "criteria": {
      "requirement": {
        "trigger": "minecraft:player_killed_entity",
        "conditions": {
          "entity": [
            {
              "condition": "minecraft:entity_properties",
              "entity": "this",
              "predicate": {
                "type": "minecraft:ender_dragon",
                "nbt": "{Tags:[\"kinokoo_elite_mobs_elite\"]}"
              }
            }
          ]
        }
      }
    },
    "rewards": {
      "function": "kinokoo_elite_mobs:get_elite_potion/5"
    }
  }
