{
    "display": {
      "icon": {
        "item": "minecraft:slime_ball"
      },
      "title": "エリートスライム <★☆☆☆☆>",
      "description": "突進の頻度が高くなり、最小サイズではスポーンしなくなった。",
      "hidden": true
    },
    "parent": "kinokoo_elite_mobs:elite_enemy/9_creeper",
    "criteria": {
      "requirement": {
        "trigger": "minecraft:player_killed_entity",
        "conditions": {
          "entity": [
            {
              "condition": "minecraft:entity_properties",
              "entity": "this",
              "predicate": {
                "nbt": "{Tags:[\"kinokoo_elite_mobs_elite\"]}",
                "type": "minecraft:slime"
              }
            }
          ]
        }
      }
    }
  }
  