{
    "display": {
      "icon": {
        "item": "minecraft:phantom_membrane"
      },
      "title": "エリートファントム <★☆☆☆☆>",
      "description": "魔法攻撃の頻度が高くなり、攻撃力がさらに高くなった。",
      "hidden": true
    },
    "parent": "kinokoo_elite_mobs:elite_enemy/10_slime",
    "criteria": {
      "requirement": {
        "trigger": "minecraft:player_killed_entity",
        "conditions": {
          "entity": [
            {
              "condition": "minecraft:entity_properties",
              "entity": "this",
              "predicate": {
                "nbt": "{Tags:[\"kinokoo_elite_mobs_elite\"]}",
                "type": "minecraft:phantom"
              }
            }
          ]
        }
      }
    }
  }
  