{
    "display": {
      "icon": {
        "item": "minecraft:stone_bricks"
      },
      "title": "ｴﾘｰﾄシルバーフィッシュ <★★☆☆☆>",
      "description": "ダメージを受けるとシルバーフィッシュを呼び寄るようになり、攻撃力が高くなった。",
      "hidden": true
    },
    "parent": "kinokoo_elite_mobs:elite_enemy/11_phantom",
    "criteria": {
      "requirement": {
        "trigger": "minecraft:player_killed_entity",
        "conditions": {
          "entity": [
            {
              "condition": "minecraft:entity_properties",
              "entity": "this",
              "predicate": {
                "nbt": "{Tags:[\"kinokoo_elite_mobs_elite\"]}",
                "type": "minecraft:silverfish"
              }
            }
          ]
        }
      }
    }
  }
  