{
    "display": {
      "icon": {
        "item": "minecraft:wet_sponge"
      },
      "title": "ｴﾘｰﾄエルダーガーディアン <★★★★☆>",
      "description": "採掘速度低下や弱体化だけでなく盲目の呪いも付与してくるようになった。また、ガーディアンを召喚したり付近でプレイヤーが死ぬと体力が少し回復したりするようになった。",
      "frame": "goal",
      "hidden": true
    },
    "parent": "kinokoo_elite_mobs:elite_enemy/13_guardian",
    "criteria": {
      "requirement": {
        "trigger": "minecraft:player_killed_entity",
        "conditions": {
          "entity": [
            {
              "condition": "minecraft:entity_properties",
              "entity": "this",
              "predicate": {
                "nbt": "{Tags:[\"kinokoo_elite_mobs_elite\"]}",
                "type": "minecraft:elder_guardian"
              }
            }
          ]
        }
      }
    }
  }
  