{
    "display": {
      "icon": {
        "item": "minecraft:sculk_catalyst"
      },
      "title": "エリートウォーデン <★★★★☆>",
      "description": "暗闇に加えて盲目も付与し、追いかける際に稀に透明化するようになった。付近でプレイヤーが死ぬと体力が少し回復する。",
      "frame": "goal",
      "hidden": true
    },
    "parent": "kinokoo_elite_mobs:elite_enemy/14_elder_guardian",
    "criteria": {
      "requirement": {
        "trigger": "minecraft:player_killed_entity",
        "conditions": {
          "entity": [
            {
              "condition": "minecraft:entity_properties",
              "entity": "this",
              "predicate": {
                "nbt": "{Tags:[\"kinokoo_elite_mobs_elite\"]}",
                "type": "minecraft:warden"
              }
            }
          ]
        }
      }
    }
  }
  