{
    "display": {
      "icon": {
        "item": "minecraft:gold_nugget"
      },
      "title": "エリートゾンビピグリン <★☆☆☆☆>",
      "description": "ブロックを使用する速度が上昇し、ステップを駆使して攻撃するようになった。",
      "hidden": true
    },
    "parent": "kinokoo_elite_mobs:elite_enemy_root",
    "criteria": {
      "requirement": {
        "trigger": "minecraft:player_killed_entity",
        "conditions": {
          "entity": [
            {
              "condition": "minecraft:entity_properties",
              "entity": "this",
              "predicate": {
                "nbt": "{Tags:[\"kinokoo_elite_mobs_elite\"]}",
                "type": "minecraft:zombified_piglin"
              }
            }
          ]
        }
      }
    }
  }
  