{
    "display": {
      "icon": {
        "item": "minecraft:gold_ingot"
      },
      "title": "エリートピグリン <★★★☆☆>",
      "description": "剣とクロスボウを使い分け、体力が減少すると肉を食べて回復するようになった。",
      "hidden": true
    },
    "parent": "kinokoo_elite_mobs:elite_enemy/16_zombified_piglin",
    "criteria": {
      "requirement": {
        "trigger": "minecraft:player_killed_entity",
        "conditions": {
          "entity": [
            {
              "condition": "minecraft:entity_properties",
              "entity": "this",
              "predicate": {
                "nbt": "{Tags:[\"kinokoo_elite_mobs_elite\"]}",
                "type": "minecraft:piglin",
                "flags": {
                  "is_baby": false
                }
              }
            }
          ]
        }
      }
    }
  }
  