{
    "display": {
      "icon": {
        "item": "minecraft:gold_block"
      },
      "title": "エリートピグリンブルート <★★★★☆>",
      "description": "エンチャントされた斧を持ってスポーンし、体力が減少すると肉を食べて回復するようになった。付近でプレイヤーが死ぬと体力が少し回復する。",
      "frame": "goal",
      "hidden": true
    },
    "parent": "kinokoo_elite_mobs:elite_enemy/17_piglin",
    "criteria": {
      "requirement": {
        "trigger": "minecraft:player_killed_entity",
        "conditions": {
          "entity": [
            {
              "condition": "minecraft:entity_properties",
              "entity": "this",
              "predicate": {
                "nbt": "{Tags:[\"kinokoo_elite_mobs_elite\"]}",
                "type": "minecraft:piglin_brute"
              }
            }
          ]
        }
      }
    }
  }
  