{
    "display": {
      "icon": {
        "item": "minecraft:cooked_porkchop"
      },
      "title": "エリートホグリン <★★☆☆☆>",
      "description": "攻撃によるノックバックが強く、ブロックを使用するようになった。",
      "hidden": true
    },
    "parent": "kinokoo_elite_mobs:elite_enemy/18_piglin_brute",
    "criteria": {
      "requirement": {
        "trigger": "minecraft:player_killed_entity",
        "conditions": {
          "entity": [
            {
              "condition": "minecraft:entity_properties",
              "entity": "this",
              "predicate": {
                "nbt": "{Tags:[\"kinokoo_elite_mobs_elite\"]}",
                "type": "minecraft:hoglin"
              }
            }
          ]
        }
      }
    }
  }
  