{
    "display": {
      "icon": {
        "item": "minecraft:porkchop"
      },
      "title": "エリートゾグリン <★★★☆☆>",
      "description": "攻撃によるノックバックが強く、衝撃波で範囲攻撃を行うようになった。",
      "hidden": true
    },
    "parent": "kinokoo_elite_mobs:elite_enemy/19_hoglin",
    "criteria": {
      "requirement": {
        "trigger": "minecraft:player_killed_entity",
        "conditions": {
          "entity": [
            {
              "condition": "minecraft:entity_properties",
              "entity": "this",
              "predicate": {
                "nbt": "{Tags:[\"kinokoo_elite_mobs_elite\"]}",
                "type": "minecraft:zoglin"
              }
            }
          ]
        }
      }
    }
  }
  