{
    "display": {
      "icon": {
        "item": "minecraft:ghast_tear"
      },
      "title": "エリートガスト <★★★☆☆>",
      "description": "時折連続で火球を発射してくるようになった。",
      "hidden": true
    },
    "parent": "kinokoo_elite_mobs:elite_enemy/20_zoglin",
    "criteria": {
      "requirement": {
        "trigger": "minecraft:player_killed_entity",
        "conditions": {
          "entity": [
            {
              "condition": "minecraft:entity_properties",
              "entity": "this",
              "predicate": {
                "nbt": "{Tags:[\"kinokoo_elite_mobs_elite\"]}",
                "type": "minecraft:ghast"
              }
            }
          ]
        }
      }
    }
  }
  