{
    "display": {
      "icon": {
        "item": "minecraft:magma_cream"
      },
      "title": "エリートマグマキューブ <★★☆☆☆>",
      "description": "最小サイズではスポーンしなくなり、時折火球を発射するようになった。",
      "hidden": true
    },
    "parent": "kinokoo_elite_mobs:elite_enemy/21_ghast",
    "criteria": {
      "requirement": {
        "trigger": "minecraft:player_killed_entity",
        "conditions": {
          "entity": [
            {
              "condition": "minecraft:entity_properties",
              "entity": "this",
              "predicate": {
                "nbt": "{Tags:[\"kinokoo_elite_mobs_elite\"]}",
                "type": "minecraft:magma_cube"
              }
            }
          ]
        }
      }
    }
  }
  