{
    "display": {
      "icon": {
        "item": "minecraft:blaze_powder"
      },
      "title": "エリートブレイズ <★★★☆☆>",
      "description": "炎をばらまく頻度が高くなり、時折炎の魔法を使うになった。",
      "hidden": true
    },
    "parent": "kinokoo_elite_mobs:elite_enemy/22_magma_cube",
    "criteria": {
      "requirement": {
        "trigger": "minecraft:player_killed_entity",
        "conditions": {
          "entity": [
            {
              "condition": "minecraft:entity_properties",
              "entity": "this",
              "predicate": {
                "nbt": "{Tags:[\"kinokoo_elite_mobs_elite\"]}",
                "type": "minecraft:blaze"
              }
            }
          ]
        }
      }
    }
  }
  