{
    "display": {
      "icon": {
        "item": "minecraft:coal"
      },
      "title": "ｴﾘｰﾄウィザースケルトン <★★★☆☆>",
      "description": "盲目の呪いを付与してくるようになった。",
      "hidden": true
    },
    "parent": "kinokoo_elite_mobs:elite_enemy/23_blaze",
    "criteria": {
      "requirement": {
        "trigger": "minecraft:player_killed_entity",
        "conditions": {
          "entity": [
            {
              "condition": "minecraft:entity_properties",
              "entity": "this",
              "predicate": {
                "nbt": "{Tags:[\"kinokoo_elite_mobs_elite\"]}",
                "type": "minecraft:wither_skeleton"
              }
            }
          ]
        }
      }
    }
  }
  