{
    "display": {
      "icon": {
        "item": "minecraft:soul_sand"
      },
      "title": "エリートウィザー <★★★★★>",
      "description": "行動パターンにテレポートや爆破が追加され、スポーン時に付近のプレイヤーに盲目の呪いを付与するようになった。付近でプレイヤーが死ぬと体力が少し回復する。",
      "frame": "challenge",
      "hidden": true
    },
    "parent": "kinokoo_elite_mobs:elite_enemy/24_wither_skeleton",
    "criteria": {
      "requirement": {
        "trigger": "minecraft:player_killed_entity",
        "conditions": {
          "entity": [
            {
              "condition": "minecraft:entity_properties",
              "entity": "this",
              "predicate": {
                "nbt": "{Tags:[\"kinokoo_elite_mobs_elite\"]}",
                "type": "minecraft:wither"
              }
            }
          ]
        }
      }
    }
  }
  