{
    "display": {
      "icon": {
        "item": "minecraft:ender_pearl"
      },
      "title": "エリートエンダーマン <★★☆☆☆>",
      "description": "ブロックを使用する速度が上昇し、ある程度距離があっても敵対するようになった。",
      "hidden": true
    },
    "parent": "kinokoo_elite_mobs:elite_enemy_root",
    "criteria": {
      "requirement": {
        "trigger": "minecraft:player_killed_entity",
        "conditions": {
          "entity": [
            {
              "condition": "minecraft:entity_properties",
              "entity": "this",
              "predicate": {
                "nbt": "{Tags:[\"kinokoo_elite_mobs_elite\"]}",
                "type": "minecraft:enderman"
              }
            }
          ]
        }
      }
    }
  }
  