{
    "display": {
      "icon": {
        "item": "minecraft:shulker_shell"
      },
      "title": "エリートシュルカー <★★☆☆☆>",
      "description": "殻が閉じている間の回復量が大きくなった。",
      "hidden": true
    },
    "parent": "kinokoo_elite_mobs:elite_enemy/27_endermite",
    "criteria": {
      "requirement": {
        "trigger": "minecraft:player_killed_entity",
        "conditions": {
          "entity": [
            {
              "condition": "minecraft:entity_properties",
              "entity": "this",
              "predicate": {
                "nbt": "{Tags:[\"kinokoo_elite_mobs_elite\"]}",
                "type": "minecraft:shulker"
              }
            }
          ]
        }
      }
    }
  }
  