{
    "display": {
      "icon": {
        "item": "minecraft:end_crystal"
      },
      "title": "エリートエンダードラゴン <★★★★★>",
      "description": "行動パターンにモンスター召喚やベビードラゴン召喚が追加された。体力が減ると中央にとどまる時間が短くなる。付近でプレイヤーが死ぬと体力が少し回復する。",
      "frame": "challenge",
      "hidden": true
    },
    "parent": "kinokoo_elite_mobs:elite_enemy/28_shulker",
    "criteria": {
      "requirement": {
        "trigger": "minecraft:player_killed_entity",
        "conditions": {
          "entity": [
            {
              "condition": "minecraft:entity_properties",
              "entity": "this",
              "predicate": {
                "nbt": "{Tags:[\"kinokoo_elite_mobs_elite\"]}",
                "type": "minecraft:ender_dragon"
              }
            }
          ]
        }
      }
    }
  }
  