{
    "display": {
      "icon": {
        "item": "minecraft:iron_axe"
      },
      "title": "ｴﾘｰﾄヴィンディケーター  <★★☆☆☆>",
      "description": "攻撃力が上昇する量が増えて移動速度も上昇するのに加えて、体力が減少するとパンを食べて回復するようになった。",
      "hidden": true
    },
    "parent": "kinokoo_elite_mobs:elite_enemy/29_ender_dragon",
    "criteria": {
      "requirement": {
        "trigger": "minecraft:player_killed_entity",
        "conditions": {
          "entity": [
            {
              "condition": "minecraft:entity_properties",
              "entity": "this",
              "predicate": {
                "nbt": "{Tags:[\"kinokoo_elite_mobs_elite\"]}",
                "type": "minecraft:vindicator"
              }
            }
          ]
        }
      }
    }
  }
  