{
    "display": {
      "icon": {
        "item": "minecraft:crossbow"
      },
      "title": "エリートピリジャー <★★☆☆☆>",
      "description": "花火を放つ頻度が高くなり、体力が減少するとパンを食べて回復するようになった。",
      "hidden": true
    },
    "parent": "kinokoo_elite_mobs:elite_enemy/30_vindicator",
    "criteria": {
      "requirement": {
        "trigger": "minecraft:player_killed_entity",
        "conditions": {
          "entity": [
            {
              "condition": "minecraft:entity_properties",
              "entity": "this",
              "predicate": {
                "nbt": "{Tags:[\"kinokoo_elite_mobs_elite\"]}",
                "type": "minecraft:pillager"
              }
            }
          ]
        }
      }
    }
  }
  