{
    "display": {
      "icon": {
        "item": "minecraft:totem_of_undying"
      },
      "title": "エリートエヴォーカー <★★★★☆>",
      "description": "ダメージを受けるとプレイヤーの足元に牙を召喚するようになった。付近でプレイヤーが死ぬと体力が少し回復する。",
      "frame": "goal",
      "hidden": true
    },
    "parent": "kinokoo_elite_mobs:elite_enemy/31_pillager",
    "criteria": {
      "requirement": {
        "trigger": "minecraft:player_killed_entity",
        "conditions": {
          "entity": [
            {
              "condition": "minecraft:entity_properties",
              "entity": "this",
              "predicate": {
                "nbt": "{Tags:[\"kinokoo_elite_mobs_elite\"]}",
                "type": "minecraft:evoker"
              }
            }
          ]
        }
      }
    }
  }
  