{
    "display": {
      "icon": {
        "item": "minecraft:iron_sword"
      },
      "title": "エリートヴェックス <★★☆☆☆>",
      "description": "移動速度が低下する魔法を連続で撃ってくるようになった。",
      "hidden": true
    },
    "parent": "kinokoo_elite_mobs:elite_enemy/32_evoker",
    "criteria": {
      "requirement": {
        "trigger": "minecraft:player_killed_entity",
        "conditions": {
          "entity": [
            {
              "condition": "minecraft:entity_properties",
              "entity": "this",
              "predicate": {
                "nbt": "{Tags:[\"kinokoo_elite_mobs_elite\"]}",
                "type": "minecraft:vex"
              }
            }
          ]
        }
      }
    }
  }
  