{
    "display": {
      "icon": {
        "item": "minecraft:saddle"
      },
      "title": "エリートラヴェジャー <★★★★☆>",
      "description": "攻撃によるノックバックが強くなり、小麦を食べて回復したり地形を一気に破壊したりといった行動パターンが追加され、矢を弾くようになった。付近でプレイヤーが死ぬと体力が少し回復する。",
      "frame": "goal",
      "hidden": true
    },
    "parent": "kinokoo_elite_mobs:elite_enemy/33_vex",
    "criteria": {
      "requirement": {
        "trigger": "minecraft:player_killed_entity",
        "conditions": {
          "entity": [
            {
              "condition": "minecraft:entity_properties",
              "entity": "this",
              "predicate": {
                "nbt": "{Tags:[\"kinokoo_elite_mobs_elite\"]}",
                "type": "minecraft:ravager"
              }
            }
          ]
        }
      }
    }
  }
  