{
    "display": {
      "icon": {
        "item": "minecraft:potion"
      },
      "title": "エリートウィッチ <★★★☆☆>",
      "description": "近くのモンスターに耐性や攻撃力上昇のエフェクトを付与するようになった。",
      "hidden": true
    },
    "parent": "kinokoo_elite_mobs:elite_enemy/34_ravager",
    "criteria": {
      "requirement": {
        "trigger": "minecraft:player_killed_entity",
        "conditions": {
          "entity": [
            {
              "condition": "minecraft:entity_properties",
              "entity": "this",
              "predicate": {
                "nbt": "{Tags:[\"kinokoo_elite_mobs_elite\"]}",
                "type": "minecraft:witch"
              }
            }
          ]
        }
      }
    }
  }
  