{
    "display": {
      "icon": {
        "item": "minecraft:bread"
      },
      "title": "エリート村人 <★☆☆☆☆>",
      "description": "シークレットエリートのうちの1体。近くの一部モンスターに攻撃したり、少しだけ回復するようになった。",
      "announce_to_chat": false,
      "hidden": true
    },
    "parent": "kinokoo_elite_mobs:elite_enemy/35_witch",
    "criteria": {
      "requirement": {
        "trigger": "minecraft:player_killed_entity",
        "conditions": {
          "entity": [
            {
              "condition": "minecraft:entity_properties",
              "entity": "this",
              "predicate": {
                "type": "minecraft:villager",
                "nbt": "{Tags:[\"kinokoo_elite_mobs_elite\"]}"
              }
            }
          ]
        }
      }
    },
    "rewards": {
      "function": "kinokoo_elite_mobs:secret_elite/villager"
    }
  }
  