{
    "display": {
      "icon": {
        "item": "minecraft:iron_ingot"
      },
      "title": "エリートアイアンゴーレム <★★★☆☆>",
      "description": "シークレットエリートのうちの1体。近くの一部モンスターに衝撃波で範囲攻撃を行い、非戦闘時は少しずつ体力が回復するようになった。",
      "announce_to_chat": false,
      "hidden": true
    },
    "parent": "kinokoo_elite_mobs:elite_enemy/36_villager",
    "criteria": {
      "requirement": {
        "trigger": "minecraft:player_killed_entity",
        "conditions": {
          "entity": [
            {
              "condition": "minecraft:entity_properties",
              "entity": "this",
              "predicate": {
                "type": "minecraft:iron_golem",
                "nbt": "{Tags:[\"kinokoo_elite_mobs_elite\"]}"
              }
            }
          ]
        }
      }
    },
    "rewards": {
      "function": "kinokoo_elite_mobs:secret_elite/iron_golem"
    }
  }
  