{
    "display": {
      "icon": {
        "item": "minecraft:snowball"
      },
      "title": "エリートスノウゴーレム <★★☆☆☆>",
      "description": "シークレットエリートのうちの1体。雪玉ではなく氷を投げ、時折近くのモンスターを凍らせるようになった。",
      "announce_to_chat": false,
      "hidden": true
    },
    "parent": "kinokoo_elite_mobs:elite_enemy/37_iron_golem",
    "criteria": {
      "requirement": {
        "trigger": "minecraft:player_killed_entity",
        "conditions": {
          "entity": [
            {
              "condition": "minecraft:entity_properties",
              "entity": "this",
              "predicate": {
                "type": "minecraft:snow_golem",
                "nbt": "{Tags:[\"kinokoo_elite_mobs_elite\"]}"
              }
            }
          ]
        }
      }
    },
    "rewards": {
      "function": "kinokoo_elite_mobs:secret_elite/snow_golem"
    }
  }
  