{
    "display": {
      "icon": {
        "item": "minecraft:bone"
      },
      "title": "エリートスケルトン <★★☆☆☆>",
      "description": "弓を撃つ速度が上昇し、左右にステップするようになった。",
      "hidden": true
    },
    "parent": "kinokoo_elite_mobs:elite_enemy/4_zombie_villager",
    "criteria": {
      "requirement": {
        "trigger": "minecraft:player_killed_entity",
        "conditions": {
          "entity": [
            {
              "condition": "minecraft:entity_properties",
              "entity": "this",
              "predicate": {
                "nbt": "{Tags:[\"kinokoo_elite_mobs_elite\"]}",
                "type": "minecraft:skeleton"
              }
            }
          ]
        }
      }
    }
  }
  