{
    "display": {
      "icon": {
        "item": "minecraft:spider_eye"
      },
      "title": "エリート洞窟グモ <★☆☆☆☆>",
      "description": "クモの巣を設置する頻度が高くなり、設置も正確になった。",
      "hidden": true
    },
    "parent": "kinokoo_elite_mobs:elite_enemy/7_spider",
    "criteria": {
      "requirement": {
        "trigger": "minecraft:player_killed_entity",
        "conditions": {
          "entity": [
            {
              "condition": "minecraft:entity_properties",
              "entity": "this",
              "predicate": {
                "nbt": "{Tags:[\"kinokoo_elite_mobs_elite\"]}",
                "type": "minecraft:cave_spider"
              }
            }
          ]
        }
      }
    }
  }
  