{
    "display": {
      "icon": {
        "item": "minecraft:gunpowder"
      },
      "title": "エリートクリーパー <★★★☆☆>",
      "description": "プレイヤーがある程度近づくと透明になる。また、爆発の威力がさらに高く、ステップで接近してから爆発するようになった。",
      "hidden": true
    },
    "parent": "kinokoo_elite_mobs:elite_enemy/8_cave_spider",
    "criteria": {
      "requirement": {
        "trigger": "minecraft:player_killed_entity",
        "conditions": {
          "entity": [
            {
              "condition": "minecraft:entity_properties",
              "entity": "this",
              "predicate": {
                "nbt": "{Tags:[\"kinokoo_elite_mobs_elite\"]}",
                "type": "minecraft:creeper"
              }
            }
          ]
        }
      }
    }
  }
  